Category ,Park,Area,State
 National Historic Trail, Ala Kahakai National Historic Trail, Ala Kahakai, HI
 National Historic Site, Andersonville National Historic Site, Andersonville, GA
 National Historical Park, Appomattox Court House National Historical Park, Appomattox Court House, VA  
 National Seashore, Assateague Island National Seashore, Assateague Island, MD
 National Seashore, Assateague Island National Seashore, Assateague Island,VA  
 National Park, Badlands National Park, Badlands, SD  
 Parkway, Baltimore-Washington Parkway, Baltimore-Washington, MD  
 National Park, Big Bend National Park, Big Bend, TX  
 National Recreation Area, Bighorn Canyon National Recreation Area, Bighorn Canyon,WY  
 National Recreation Area, Bighorn Canyon National Recreation Area, Bighorn Canyon, MT
 National Preserve, Big Cypress National Preserve, Big Cypress, FL  
 Parkway, Blue Ridge Parkway, Blue Ridge, NC  
 Parkway, Blue Ridge Parkway, Blue Ridge,VA  
 National Monument, Canyon de Chelly National Monument, Canyon de Chelly, AZ  
 National Seashore, Cape Cod National Seashore, Cape Cod, MA  
 National Seashore, Cape Hatteras National Seashore, Cape Hatteras, NC  
 National Historic Trail, California National Historic Trail, California, CA
 National Historic Trail, California National Historic Trail, California,CO
 National Historic Trail, California National Historic Trail, California,ID
 National Historic Trail, California National Historic Trail, California,KS
 National Historic Trail, California National Historic Trail, California,MO
 National Historic Trail, California National Historic Trail, California,NE
 National Historic Trail, California National Historic Trail, California,NV
 National Historic Trail, California National Historic Trail, California,OR
 National Historic Trail, California National Historic Trail, California,UT
 National Historic Trail, California National Historic Trail, California,WY  
 National Seashore, Cape Lookout National Seashore, Cape Lookout, NC  
 National Military Park, Chickamauga & Chattanooga National Military Park, Chickamauga & Chattanooga,TN  
 National Military Park, Chickamauga & Chattanooga National Military Park, Chickamauga & Chattanooga, GA
 National Reserve, City Of Rocks National Reserve, City Of Rocks, ID  
 National Monument, Colorado National Monument, Colorado, CO  
 National Historical Park, Colonial National Historical Park, Colonial, VA  
 National Memorial, Coronado National Memorial, Coronado, AZ  
 National Park, Crater Lake National Park, Crater Lake, OR  
 National Monument & Preserve, Craters Of The Moon National Monument & Preserve, Craters Of The Moon, ID  
 National Recreation Area, Delaware Water Gap National Recreation Area, Delaware Water Gap, NJ
 National Recreation Area, Delaware Water Gap National Recreation Area, Delaware Water Gap,PA  
 National Historic Trail, El Camino Real de Tierra Adentro National Historic Trail, El Camino Real de Tierra Adentro,TX  
 National Historic Trail, El Camino Real de Tierra Adentro National Historic Trail, El Camino Real de Tierra Adentro, NM
 National Monument, El Malpais National Monument, El Malpais, NM  
 National Historic Trail, El Camino Real de los Tejas National Historic Trail, El Camino Real de los Tejas, LA  
 National Historic Trail, El Camino Real de los Tejas National Historic Trail, El Camino Real de los Tejas, TX
 National Memorial, Flight 93 National Memorial, Flight 119, PA  
 National Monument, Fossil Butte National Monument, Fossil Butte, WY  
 National Battlefield, Fort Donelson National Battlefield, Fort Donelson,TN  
 National Battlefield, Fort Donelson National Battlefield, Fort Donelson, KY
 National Military Park, Gettysburg National Military Park, Gettysburg, PA  
 National Park, Glacier National Park, Glacier, MT  
 National Park & Preserve, Glacier Bay National Park & Preserve, Glacier Bay, AK  
 National Recreation Area, Glen Canyon National Recreation Area, Glen Canyon,UT  
 National Recreation Area, Glen Canyon National Recreation Area, Glen Canyon, AZ
 National Park, Great Basin National Park, Great Basin, NV  
 National Park, Grand Canyon National Park, Grand Canyon, AZ  
 National Park & Preserve, Great Sand Dunes National Park & Preserve, Great Sand Dunes, CO  
 National Park, Great Smoky Mountains National Park, Great Smoky Mountains,TN  
 National Park, Great Smoky Mountains National Park, Great Smoky Mountains, NC 
 National Preserve, Green Springs, Green Springs, VA  
 National Park, Grand Teton National Park, Grand Teton, WY  
 National Military Park, Guilford Courthouse National Military Park, Guilford Courthouse, NC  
 National Park, Guadalupe Mountains National Park, Guadalupe Mountains, TX  
 National Monument, Hagerman Fossil Beds National Monument, Hagerman Fossil Beds, ID  
 National Military Park, Horseshoe Bend National Military Park, Horseshoe Bend, AL  
 National Park, Hot Springs National Park, Hot Springs, AR  
 National Park, Indiana Dunes National Park, Indiana Dunes, IN  
 National Park, Joshua Tree National Park, Joshua Tree, CA  
 National Monument,Lava Beds National Monument, Lava Beds, CA  
 National Recreation Area,Lake Mead National Recreation Area, Lake Mead, AZ
 National Recreation Area,Lake Mead National Recreation Area, Lake Mead,NV  
 National Recreation Area, Lake Meredith National Recreation Area, Lake Meredith, TX  
 National Park, Lassen Volcanic National Park, Lassen Volcanic, CA  
 National Historic Trail, Lewis & Clark National Historic Trail, Lewis & Clark, IA  
 National Historic Trail, Lewis & Clark National Historic Trail, Lewis & Clark, ID
 National Historic Trail, Lewis & Clark National Historic Trail, Lewis & Clark,IN
 National Historic Trail, Lewis & Clark National Historic Trail, Lewis & Clark,KS
 National Historic Trail, Lewis & Clark National Historic Trail, Lewis & Clark,KY  
 National Historic Trail, Lewis & Clark National Historic Trail, Lewis & Clark,MO
 National Historic Trail, Lewis & Clark National Historic Trail, Lewis & Clark,MT
 National Historic Trail, Lewis & Clark National Historic Trail, Lewis & Clark,NE
 National Historic Trail, Lewis & Clark National Historic Trail, Lewis & Clark,IL
 National Historic Trail, Lewis & Clark National Historic Trail, Lewis & Clark,ND
 National Historic Trail, Lewis & Clark National Historic Trail, Lewis & Clark,OH
 National Historic Trail, Lewis & Clark National Historic Trail, Lewis & Clark,OR
 National Historic Trail, Lewis & Clark National Historic Trail, Lewis & Clark,PA 
 National Historic Trail, Lewis & Clark National Historic Trail, Lewis & Clark,SD  
 National Historic Trail, Lewis & Clark National Historic Trail, Lewis & Clark,WA
 National Historic Trail, Lewis & Clark National Historic Trail, Lewis & Clark,WV  
 National Preserve, Little River Canyon National Preserve, Little River Canyon, AL  
 National Wild and Scenic River, Lower Delaware National Wild and Scenic River, Lower Delaware,NJ  
 National Wild and Scenic River, Lower Delaware National Wild and Scenic River, Lower Delaware, PA
 National Park, Mesa Verde National Park, Mesa Verde, CO  
 National Recreational River, Missouri National Recreational River, Missouri, SD
 National Recreational River, Missouri National Recreational River, Missouri,NE  
 National Preserve, Mojave National Preserve, Mojave, CA  
 National Battlefield, Monocacy National Battlefield, Monocacy, MD  
 National Historic Trail, Mormon Pioneer National Historic Trail, Mormon Pioneer, IL
 National Historic Trail, Mormon Pioneer National Historic Trail, Mormon Pioneer,IA
 National Historic Trail, Mormon Pioneer National Historic Trail, Mormon Pioneer,NE
 National Historic Trail, Mormon Pioneer National Historic Trail, Mormon Pioneer,UT
 National Historic Trail, Mormon Pioneer National Historic Trail, Mormon Pioneer,WY
 National Park, Mount Rainier National Park, Mount Rainier, WA  
 Parkway, Natchez Trace Parkway, Natchez Trace,MS
 Parkway, Natchez Trace Parkway, Natchez Trace,TN  
 Parkway, Natchez Trace Parkway, Natchez Trace, AL
 National Park and Preserve, New River Gorge National Park and Preserve, New River Gorge, WV  
 National Park, North Cascades National Park, North Cascades, WA  
 National Historic Trail, Old Spanish National Historic Trail, Old Spanish, AZ
 National Historic Trail, Old Spanish National Historic Trail, Old Spanish,CA
 National Historic Trail, Old Spanish National Historic Trail, Old Spanish,CO
 National Historic Trail, Old Spanish National Historic Trail, Old Spanish,NV
 National Historic Trail, Old Spanish National Historic Trail, Old Spanish,NM
 National Historic Trail, Old Spanish National Historic Trail, Old Spanish,UT  
 National Historic Trail, Oregon National Historic Trail, Oregon, ID
 National Historic Trail, Oregon National Historic Trail, Oregon,KS
 National Historic Trail, Oregon National Historic Trail, Oregon,MO
 National Historic Trail, Oregon National Historic Trail, Oregon,NE
 National Historic Trail, Oregon National Historic Trail, Oregon,OR
 National Historic Trail, Oregon National Historic Trail, Oregon,WA
 National Historic Trail, Oregon National Historic Trail, Oregon,WY  
 National Monument, Organ Pipe Cactus National Monument, Organ Pipe Cactus, AZ  
 National Scenic Riverways, Ozark National Scenic Riverways, Ozark, MO  
 National Seashore, Padre Island National Seashore, Padre Island, TX  
 National Monument, Grand Canyon-Parashant National Monument, Grand Canyon-Parashant, AZ  
 National Park, Petrified Forest National Park, Petrified Forest, AZ  
 National Battlefield, Petersburg National Battlefield, Petersburg, VA  
 National Lakeshore, Pictured Rocks National Lakeshore, Pictured Rocks, MI  
 National Historic Trail, Pony Express National Historic Trail, Pony Express, CA
 National Historic Trail, Pony Express National Historic Trail, Pony Express,CO
 National Historic Trail, Pony Express National Historic Trail, Pony Express,KS
 National Historic Trail, Pony Express National Historic Trail, Pony Express,MO
 National Historic Trail, Pony Express National Historic Trail, Pony Express,NE
 National Historic Trail, Pony Express National Historic Trail, Pony Express,NV
 National Historic Trail, Pony Express National Historic Trail, Pony Express,UT
 National Historic Trail, Pony Express National Historic Trail, Pony Express,WY  
" redw, designation", National and State Parks, Redwood National and State Parks, CA  
 National Battlefield Park, River Raisin National Battlefield Park, River Raisin, MI  
 Park, Rock Creek Park, Rock Creek, DC  
 National Park, Rocky Mountain National Park, Rocky Mountain, CO  
 National Historic Trail, Santa Fe National Historic Trail, Santa Fe, CO
 National Historic Trail, Santa Fe National Historic Trail, Santa Fe,OK  
 National Historic Trail, Santa Fe National Historic Trail, Santa Fe,NM
 National Historic Trail, Santa Fe National Historic Trail, Santa Fe,MO
 National Historic Trail, Santa Fe National Historic Trail, Santa Fe,KS
 National Park, Saguaro National Park, Saguaro, AZ  
 National Historical Park, Saratoga National Historical Park, Saratoga, NY  
 National Parks, Sequoia & Kings Canyon National Parks, Sequoia & Kings Canyon, CA  
 National Military Park, Shiloh National Military Park, Shiloh,MS
 National Military Park, Shiloh National Military Park, Shiloh, TN  
 National Park, Theodore Roosevelt National Park, Theodore Roosevelt, ND  
 Ecological & Historic Preserve, Timucuan Ecological & Historic Preserve, Timucuan, FL  
 National Historical Park, Valley Forge National Historical Park, Valley Forge, PA  
 National Preserve, Valles Caldera National Preserve, Valles Caldera, NM  
 National Historic Trail, Trail Of Tears National Historic Trail, Trail Of Tears, AL
 National Historic Trail, Trail Of Tears National Historic Trail, Trail Of Tears,AR
 National Historic Trail, Trail Of Tears National Historic Trail, Trail Of Tears,GA
 National Historic Trail, Trail Of Tears National Historic Trail, Trail Of Tears,IL
 National Historic Trail, Trail Of Tears National Historic Trail, Trail Of Tears,KY
 National Historic Trail, Trail Of Tears National Historic Trail, Trail Of Tears,MO
 National Historic Trail, Trail Of Tears National Historic Trail, Trail Of Tears,NC
 National Historic Trail, Trail Of Tears National Historic Trail, Trail Of Tears,OK
 National Historic Trail, Trail Of Tears National Historic Trail, Trail Of Tears,TN  
